City_ID,City,Country,Lat,Lng,Max Temp,Humidity,Cloudiness,Wind Speed,Current Description
0,Arraial Do Cabo,BR,-22.9661,-42.0278,71.46,94,75,6.91,mist
1,Cape Town,ZA,-33.9258,18.4232,67.08,81,0,3.44,clear sky
2,Souillac,MU,-20.5167,57.5167,75.58,88,75,4.61,broken clouds
3,Albany,US,42.6001,-73.9662,35.1,70,48,11.12,scattered clouds
4,Bredasdorp,ZA,-34.5322,20.0403,63.72,82,36,6.91,scattered clouds
5,Buraydah,SA,26.326,43.975,55.85,35,0,8.37,clear sky
6,Clyde River,CA,70.4692,-68.5914,-25.37,68,75,0.0,broken clouds
7,Chuy,UY,-33.6971,-53.4616,68.36,64,11,7.83,few clouds
8,Margate,GB,51.3813,1.3862,49.96,78,96,5.01,overcast clouds
9,Norman Wells,CA,65.282,-126.8329,-27.36,62,75,3.44,broken clouds
10,Provideniya,RU,64.3833,-173.3,-3.89,65,0,24.61,clear sky
11,Kaitangata,NZ,-46.2817,169.8464,59.14,85,100,9.91,overcast clouds
12,Busselton,AU,-33.65,115.3333,52.05,76,3,6.11,clear sky
13,Ponta Do Sol,PT,32.6667,-17.1,66.83,48,40,10.4,scattered clouds
14,Punta Arenas,CL,-53.15,-70.9167,57.31,41,75,13.8,broken clouds
15,Butaritari,KI,3.0707,172.7902,82.0,77,71,13.85,broken clouds
16,Gorontalo,ID,0.5412,123.0595,74.25,93,100,3.18,overcast clouds
17,Portland,US,45.5234,-122.6762,56.61,79,80,3.0,broken clouds
18,Tuatapere,NZ,-46.1333,167.6833,60.82,65,93,4.18,light rain
19,Port Alfred,ZA,-33.5906,26.891,70.97,88,6,9.22,clear sky
20,Nikolskoye,RU,59.7035,30.7861,28.8,96,100,4.81,light snow
21,Karasjok,NO,69.4719,25.5112,24.91,96,100,6.06,overcast clouds
22,Jamestown,US,42.097,-79.2353,27.09,54,100,10.0,overcast clouds
23,Charters Towers,AU,-20.1,146.2667,78.12,65,7,9.1,clear sky
24,Ostrovnoy,RU,68.0531,39.5131,13.87,88,48,18.39,scattered clouds
25,Puri,IN,19.8,85.85,66.72,71,33,4.59,scattered clouds
26,Hermanus,ZA,-34.4187,19.2345,64.9,86,65,7.18,broken clouds
27,Machali,CL,-34.1833,-70.6667,88.88,23,0,7.23,clear sky
28,Hofn,IS,64.2539,-15.2082,28.89,63,88,16.71,overcast clouds
29,Salalah,OM,17.0151,54.0924,71.69,18,0,13.8,clear sky
30,Xinan,CN,26.72,119.8556,46.58,90,100,0.94,overcast clouds
31,Maxixe,MZ,-23.8597,35.3472,71.64,92,0,5.1,clear sky
32,Almeirim,BR,-1.5233,-52.5817,78.49,85,67,3.18,broken clouds
33,Moron,AR,-34.6534,-58.6198,76.93,57,0,7.43,clear sky
34,Torbay,CA,47.6666,-52.7314,29.26,83,100,17.27,overcast clouds
35,Vanimo,PG,-2.6741,141.3028,80.4,84,82,3.6,broken clouds
36,Rikitea,PF,-23.1203,-134.9692,78.91,71,77,12.03,broken clouds
37,Lagoa,PT,39.05,-27.9833,59.58,73,89,14.38,overcast clouds
38,Saskylakh,RU,71.9167,114.0833,2.62,84,100,14.5,overcast clouds
39,Acapulco,MX,16.8634,-99.8901,84.02,65,40,8.05,scattered clouds
40,Vaini,TO,-21.2,-175.2,84.36,89,40,13.8,scattered clouds
41,Thompson,CA,55.7435,-97.8558,17.76,79,100,13.8,overcast clouds
42,Ushuaia,AR,-54.8,-68.3,53.26,54,40,16.11,scattered clouds
43,Chara,RU,56.9064,118.2631,-9.83,97,100,0.74,overcast clouds
44,Kolokani,ML,13.5728,-8.0339,70.2,12,0,9.78,clear sky
45,Hobart,AU,-42.8794,147.3294,67.26,70,20,9.22,few clouds
46,Yashan,CN,22.1975,109.9419,50.92,89,100,6.91,overcast clouds
47,Koster,ZA,-25.863,26.8976,66.58,53,66,2.48,broken clouds
48,Tura,IN,25.5198,90.2201,53.06,73,2,3.2,clear sky
49,Alta Floresta,BR,-9.8756,-56.0861,73.58,94,99,2.55,light rain
50,Palmer,US,42.1584,-72.3287,37.08,69,75,8.05,broken clouds
51,Korla,CN,41.7597,86.1469,22.73,54,70,1.86,broken clouds
52,Hilo,US,19.7297,-155.09,78.24,73,100,8.01,overcast clouds
53,Tuktoyaktuk,CA,69.4541,-133.0374,-40.0,67,20,3.44,mist
54,New Norfolk,AU,-42.7826,147.0587,66.92,67,64,3.47,broken clouds
55,Sinazongwe,ZM,-17.2614,27.4618,73.65,78,9,4.12,clear sky
56,Zhigansk,RU,66.7697,123.3711,-42.09,100,98,1.74,overcast clouds
57,Diego De Almagro,CL,-26.3667,-70.05,72.05,33,0,8.3,clear sky
58,Tazovskiy,RU,67.4667,78.7,-3.12,82,100,15.59,overcast clouds
59,Kodiak,US,57.79,-152.4072,26.11,59,0,13.8,clear sky
60,East London,ZA,-33.0153,27.9116,73.99,87,4,4.5,clear sky
61,Meulaboh,ID,4.1363,96.1285,75.11,89,87,4.65,overcast clouds
62,Port Lincoln,AU,-34.7333,135.8667,66.51,69,100,10.38,overcast clouds
63,Los Llanos De Aridane,ES,28.6585,-17.9182,65.12,54,0,8.05,clear sky
64,Castro,BR,-24.7911,-50.0119,65.17,87,72,5.23,broken clouds
65,Laguna De Perlas,NI,12.3429,-83.6712,82.49,74,17,11.97,few clouds
66,Tiksi,RU,71.6872,128.8694,-18.42,98,79,9.08,broken clouds
67,Pasni,PK,25.2631,63.471,69.69,52,0,10.56,clear sky
68,Omaruru,NA,-21.4333,15.9333,71.85,70,91,9.89,overcast clouds
69,Coari,BR,-4.085,-63.1414,74.52,96,100,3.11,overcast clouds
70,Pisco,PE,-13.7,-76.2167,73.02,73,0,10.36,clear sky
71,Fayaoue,NC,-20.65,166.5333,81.86,88,100,28.68,overcast clouds
72,Okha,RU,53.5739,142.9478,16.38,93,100,17.83,light snow
73,Zhanakorgan,KZ,43.9098,67.2495,31.05,94,100,5.75,snow
74,Bridlington,GB,54.0831,-0.1919,52.9,89,100,11.01,overcast clouds
75,Maryville,US,35.7565,-83.9705,52.61,45,0,5.75,clear sky
76,Magistralnyy,RU,56.1725,107.4458,-6.54,98,100,2.91,overcast clouds
77,Amahai,ID,-3.3333,128.9167,80.13,79,95,2.91,overcast clouds
78,Almaznyy,RU,48.0448,40.045,37.54,98,100,9.75,moderate rain
79,Mahebourg,MU,-20.4081,57.7,75.49,88,75,4.61,broken clouds
80,Klaksvik,FO,62.2266,-6.589,34.72,67,99,42.79,overcast clouds
81,Sao Filipe,CV,14.8961,-24.4956,72.41,74,2,2.68,clear sky
82,Mataura,NZ,-46.1927,168.8643,60.48,73,100,4.07,light rain
83,Avarua,CK,-21.2078,-159.775,78.85,89,75,11.5,light rain
84,Maniitsoq,GL,65.4167,-52.9,-1.19,89,100,21.43,overcast clouds
85,Vila Franca Do Campo,PT,37.7167,-25.4333,57.2,77,98,7.85,overcast clouds
86,Port Elizabeth,ZA,-33.918,25.5701,64.69,94,75,11.5,broken clouds
87,Galesong,ID,-5.3166,119.3661,73.42,82,99,4.68,overcast clouds
88,High Rock,BS,26.6208,-78.2833,75.22,71,28,1.86,scattered clouds
89,Alghero,IT,40.5589,8.3181,37.49,87,0,4.61,clear sky
90,Maragogi,BR,-9.0122,-35.2225,80.06,75,2,10.92,clear sky
91,Ocean City,US,39.2776,-74.5746,41.02,64,9,5.99,clear sky
92,Faanui,PF,-16.4833,-151.75,81.45,77,19,19.15,light rain
93,Bluff,NZ,-46.6,168.3333,60.8,80,95,9.08,overcast clouds
94,Pevek,RU,69.7008,170.3133,-31.83,100,48,4.79,scattered clouds
95,Juneau,US,58.3019,-134.4197,42.8,95,100,18.41,moderate rain
96,Valentin Gomez Farias,MX,28.2167,-106.5833,57.63,14,0,7.58,clear sky
97,Mar Del Plata,AR,-38.0023,-57.5575,68.02,80,0,14.0,clear sky
98,Sangre Grande,TT,10.5835,-61.1177,80.19,77,76,7.34,broken clouds
99,Noumea,NC,-22.2763,166.4572,82.38,99,98,16.46,overcast clouds
100,Kyren,RU,51.6828,102.1408,3.25,98,100,0.65,overcast clouds
101,Balkhash,KZ,46.844,74.9804,15.46,90,100,9.55,overcast clouds
102,Avera,US,33.194,-82.5271,54.72,54,85,2.89,overcast clouds
103,Baykit,RU,61.67,96.37,-24.16,99,10,2.59,clear sky
104,Saint-Joseph,RE,-21.3667,55.6167,75.56,86,84,8.01,broken clouds
105,Maun,BW,-19.9833,23.4167,69.35,44,5,4.41,clear sky
106,Orange Cove,US,36.6244,-119.3137,72.61,34,0,3.2,clear sky
107,Coihaique,CL,-45.5752,-72.0662,63.21,38,12,9.75,few clouds
108,Tilichiki,RU,60.4667,166.1,-16.13,88,11,8.7,few clouds
109,Lewistown,US,40.5992,-77.5714,35.42,79,0,13.8,light intensity drizzle
110,Rocha,UY,-34.4833,-54.3333,62.11,76,2,4.83,clear sky
111,Sur,OM,22.5667,59.5289,69.06,56,0,11.54,clear sky
112,Touros,BR,-5.1989,-35.4608,83.3,70,4,15.48,clear sky
113,Kavaratti,IN,10.5669,72.642,78.66,72,54,14.54,broken clouds
114,Karratha,AU,-20.7377,116.8463,83.05,74,62,3.71,broken clouds
115,Bilma,NE,18.6853,12.9164,64.83,10,0,6.58,clear sky
116,Oistins,BB,13.0667,-59.5333,77.09,69,40,17.27,scattered clouds
117,Qaanaaq,GL,77.484,-69.3632,-14.58,92,100,5.57,overcast clouds
118,Hithadhoo,MV,-0.6,73.0833,82.45,69,100,13.85,overcast clouds
119,Hambantota,LK,6.1241,81.1185,76.15,68,100,11.5,overcast clouds
120,Yabelo,ET,4.8833,38.0833,62.69,33,27,15.93,scattered clouds
121,Puerto Ayora,EC,-0.7393,-90.3518,78.76,75,56,9.28,broken clouds
122,Arkhangelsk,RU,64.5401,40.5433,17.71,92,100,6.71,light snow
123,Jilove,CZ,50.7608,14.1038,46.22,88,100,10.2,overcast clouds
124,Saint-Philippe,RE,-21.3585,55.7679,76.55,87,82,8.63,broken clouds
125,Waingapu,ID,-9.6567,120.2641,79.86,80,99,3.65,overcast clouds
126,Kapaa,US,22.0752,-159.319,80.11,65,40,10.36,scattered clouds
127,Atuona,PF,-9.8,-139.0333,78.62,77,17,15.52,few clouds
128,Tiznit,MA,29.5833,-9.5,63.61,27,2,10.45,clear sky
129,Georgetown,MY,5.4112,100.3354,78.89,90,20,2.3,few clouds
130,Fort Nelson,CA,58.8053,-122.7002,4.59,72,75,2.3,broken clouds
131,Lompoc,US,34.6391,-120.4579,80.78,36,0,13.8,clear sky
132,Baherden,TM,38.4362,57.4316,41.11,50,5,4.52,clear sky
133,Necochea,AR,-38.5473,-58.7368,66.58,68,61,11.59,broken clouds
134,Araouane,ML,18.9048,-3.5265,67.77,10,0,10.76,clear sky
135,Rio Grande,BR,-32.035,-52.0986,71.94,63,18,11.54,few clouds
136,Tasiilaq,GL,65.6145,-37.6368,19.56,81,99,9.24,overcast clouds
137,Chifeng,CN,42.2683,118.9636,18.19,45,92,6.02,overcast clouds
138,Mangrol,IN,21.1167,70.1167,66.36,82,1,10.11,clear sky
139,Iqaluit,CA,63.7506,-68.5145,-0.31,84,100,13.8,light snow
140,Monrovia,LR,6.3005,-10.7969,78.57,83,26,5.39,scattered clouds
141,Codrington,AU,-38.2667,141.9667,69.48,69,92,8.7,overcast clouds
142,Lodwar,KE,3.1191,35.5973,83.19,32,65,6.67,broken clouds
143,Radviliskis,LT,55.8167,23.5333,35.65,93,0,14.97,clear sky
144,Yar-Sale,RU,66.8333,70.8333,-0.15,91,97,15.64,overcast clouds
145,Vostok,RU,46.4856,135.8833,-2.88,99,98,3.33,overcast clouds
146,Kabanjahe,ID,3.1001,98.4908,63.36,97,100,1.81,overcast clouds
147,Yerbogachen,RU,61.2767,108.0108,-25.37,100,100,3.33,overcast clouds
148,Teahupoo,PF,-17.8333,-149.2667,80.56,78,89,18.97,light rain
149,Altamira,BR,-3.2033,-52.2064,74.34,95,88,2.44,overcast clouds
150,Panaba,MX,21.2833,-88.2667,70.95,79,93,18.34,overcast clouds
151,Saldanha,ZA,-33.0117,17.9442,62.65,93,62,6.64,broken clouds
152,Guarapari,BR,-20.6667,-40.4975,80.49,92,55,11.1,broken clouds
153,Bonavista,CA,48.6499,-53.1147,30.11,79,100,19.3,overcast clouds
154,Hue,VN,16.4667,107.6,73.51,94,75,3.44,broken clouds
155,Faya,SA,18.3851,42.4509,51.91,73,15,1.5,few clouds
156,Valparaiso,CL,-33.0393,-71.6273,67.48,78,75,10.36,broken clouds
157,Reporoa,NZ,-38.4333,176.35,71.19,80,100,2.66,overcast clouds
158,Barrow,US,71.2906,-156.7887,-29.18,99,20,8.05,haze
159,Severo-Kurilsk,RU,50.6789,156.125,30.78,93,96,25.68,light snow
160,Sao Joao Da Barra,BR,-21.6403,-41.0511,74.17,96,85,10.58,overcast clouds
161,Sitka,US,57.0531,-135.33,44.49,87,100,17.27,mist
162,Hamilton,US,39.1834,-84.5333,48.42,56,0,10.36,clear sky
163,College,US,64.8569,-147.8028,5.32,72,75,4.61,broken clouds
164,Port Hedland,AU,-20.3167,118.5667,75.25,88,100,8.05,overcast clouds
165,San Joaquin,US,37.9333,-121.3011,74.48,39,0,0.0,clear sky
166,Dakar,SN,14.6937,-17.4441,74.28,72,0,12.66,clear sky
167,Aykhal,RU,66.0,111.5,-17.0,99,82,4.76,broken clouds
168,Saint Anthony,US,45.0205,-93.218,44.62,56,0,17.27,clear sky
169,Lukulu,ZM,-14.3707,23.242,65.71,97,100,2.59,light rain
170,Acari,PE,-15.4311,-74.6158,73.81,75,86,8.01,overcast clouds
171,Namibe,AO,-15.1961,12.1522,73.31,79,100,10.76,overcast clouds
172,Vysokovsk,RU,56.3167,36.55,28.26,97,91,4.74,overcast clouds
173,Yellowknife,CA,62.456,-114.3525,-10.71,76,75,4.61,broken clouds
174,Cabo San Lucas,MX,22.8909,-109.9124,78.62,55,0,8.05,clear sky
175,Zhanaozen,KZ,43.3,52.8,31.3,68,83,13.82,broken clouds
176,Takaungu,KE,-3.6837,39.8566,76.6,86,33,10.07,scattered clouds
177,Innisfail,AU,-17.5333,146.0333,78.87,78,76,2.59,broken clouds
178,Carballo,ES,43.213,-8.691,49.87,71,5,4.38,clear sky
179,Victoria Point,AU,-27.5833,153.3,79.92,67,12,3.0,few clouds
180,Cockburn Town,TC,21.4612,-71.1419,78.76,65,40,17.27,scattered clouds
181,Saint George,US,37.1041,-113.5841,65.95,18,0,5.75,clear sky
182,Tabou,CI,4.423,-7.3528,79.03,86,3,8.9,clear sky
183,Cidreira,BR,-30.1811,-50.2056,71.47,73,37,11.56,scattered clouds
184,Saint-Augustin,CA,51.226,-58.6502,13.12,94,90,12.12,overcast clouds
185,Terrace,CA,54.5163,-128.6035,39.11,93,100,19.57,light rain
186,Gambela,ET,8.25,34.5833,86.04,28,100,3.09,overcast clouds
187,Dikson,RU,73.5069,80.5464,1.71,95,100,22.15,overcast clouds
188,Kindu,CD,-2.95,25.95,71.06,90,82,2.01,broken clouds
189,Bethel,US,41.3712,-73.414,37.02,71,53,5.01,broken clouds
190,Fairbanks,US,64.8378,-147.7164,5.34,72,20,4.61,few clouds
191,Port Hawkesbury,CA,45.6169,-61.3485,37.9,99,100,31.07,moderate rain
192,Soyo,AO,-6.1349,12.3689,77.38,83,54,6.93,broken clouds
193,Xinmin,CN,41.9908,122.8253,10.65,77,5,7.31,clear sky
194,Lavrentiya,RU,65.5833,-171.0,-22.81,93,47,11.72,scattered clouds
195,San Jose,US,37.3394,-121.895,76.44,31,0,9.22,clear sky
196,Saint-Pierre,RE,-21.3393,55.4781,76.64,83,20,4.61,few clouds
197,Yellandu,IN,17.6,80.3333,65.48,95,14,4.43,few clouds
198,Olinda,BR,-8.0089,-34.8553,83.93,65,40,6.91,scattered clouds
199,Moose Factory,CA,51.2585,-80.6094,21.2,63,0,5.75,clear sky
200,Cotonou,BJ,6.3654,2.4183,84.18,84,62,8.05,broken clouds
201,Chitral,PK,35.8462,71.7858,29.57,76,100,4.79,overcast clouds
202,Sioux Lookout,CA,50.1001,-91.917,26.98,93,100,4.61,overcast clouds
203,Vestmannaeyjar,IS,63.4427,-20.2734,34.45,76,100,7.94,light snow
204,Adrar,MR,20.5022,-10.0711,66.99,11,76,10.56,broken clouds
205,Myitkyina,MM,25.3833,97.4,50.77,82,3,3.65,clear sky
206,Petropavlovsk-Kamchatskiy,RU,53.0452,158.6483,16.39,86,75,4.47,broken clouds
207,Tucuman,AR,-26.8241,-65.2226,78.8,65,0,3.44,clear sky
208,Cherskiy,RU,68.75,161.3,-42.38,99,83,4.07,broken clouds
209,Taltal,CL,-25.4,-70.4833,67.55,75,23,5.68,few clouds
210,Guerrero Negro,MX,27.9769,-114.0611,72.37,26,24,10.76,few clouds
211,Kruisfontein,ZA,-34.0033,24.7314,66.25,61,58,7.83,broken clouds
212,Ambatondrazaka,MG,-17.8333,48.4167,67.44,98,96,2.24,overcast clouds
213,Northam,GB,51.0333,-4.2167,50.02,93,100,15.97,overcast clouds
214,Lappeenranta,FI,61.0587,28.1887,30.25,94,100,4.61,snow
215,Ust-Kuyga,RU,70.0167,135.6,-42.3,100,99,8.05,overcast clouds
216,Namie,JP,37.4833,141.0,34.72,77,2,8.77,clear sky
217,Sambava,MG,-14.2667,50.1667,74.84,90,54,2.89,broken clouds
218,Hoi An,VN,15.8794,108.335,75.16,92,29,0.58,scattered clouds
219,Alofi,NU,-19.0595,-169.9187,75.09,94,100,3.44,overcast clouds
220,Broome,US,42.2506,-75.833,32.83,75,100,4.61,overcast clouds
221,Parkes,AU,-33.1333,148.1833,77.36,34,60,6.31,broken clouds
222,Carnarvon,AU,-24.8667,113.6333,73.47,73,0,10.36,clear sky
223,Mercedes,AR,-34.6515,-59.4307,76.86,52,0,7.63,clear sky
224,Honningsvag,NO,70.9821,25.9704,27.97,80,100,26.73,overcast clouds
225,Sept-Iles,CA,50.2001,-66.3821,23.52,92,100,10.36,mist
226,Chokurdakh,RU,70.6333,147.9167,-43.78,100,97,5.66,overcast clouds
227,Esperance,AU,-33.8667,121.9,57.04,64,36,5.1,scattered clouds
228,Buenos Aires,AR,-34.6132,-58.3772,76.91,60,0,5.75,clear sky
229,Mount Isa,AU,-20.7333,139.5,78.57,73,3,0.0,clear sky
230,Katsuura,JP,35.1333,140.3,41.18,70,96,13.27,overcast clouds
231,Tommot,RU,58.9564,126.2925,-9.2,99,100,1.99,overcast clouds
232,Geraldton,AU,-28.7667,114.6,61.21,88,0,9.22,clear sky
233,Port Shepstone,ZA,-30.7414,30.455,71.46,85,0,7.09,clear sky
234,Zanjan,IR,36.6736,48.4787,21.97,81,3,4.97,clear sky
235,Tocopilla,CL,-22.092,-70.1979,70.65,67,15,9.71,few clouds
236,Datong,CN,40.0936,113.2914,21.67,47,100,3.76,overcast clouds
237,Betul,IN,21.9153,77.8961,61.92,51,42,2.55,scattered clouds
238,Fortuna,US,40.5982,-124.1573,63.86,72,0,11.5,clear sky
239,Udachnyy,RU,66.4167,112.4,-24.21,99,87,3.8,overcast clouds
240,Springbok,ZA,-29.6643,17.8865,71.8,30,0,4.05,clear sky
241,Muriti,TZ,-1.9833,32.9167,73.54,69,86,5.66,light rain
242,Tarsus,TR,36.9188,34.8784,51.67,94,95,7.36,overcast clouds
243,Chupa,RU,66.27,33.0549,18.82,96,98,5.01,overcast clouds
244,Natal,BR,-5.795,-35.2094,83.05,74,20,13.8,few clouds
245,Lucapa,AO,-8.4192,20.7447,65.68,93,100,1.61,overcast clouds
246,Ornes,NO,66.8689,13.7078,37.51,78,100,16.73,overcast clouds
247,Hasaki,JP,35.7333,140.8333,34.29,61,97,16.89,overcast clouds
248,Amapa,BR,1.0,-52.0,72.14,98,93,2.59,overcast clouds
249,Los Algarrobos,PA,8.5,-82.4333,84.61,66,40,9.22,scattered clouds
250,San Luis,AR,-33.295,-66.3356,82.0,30,0,5.82,clear sky
251,Bermejo,AR,-32.8833,-68.8,93.11,22,20,8.05,few clouds
252,Haines Junction,CA,60.7522,-137.5108,39.15,60,79,9.22,broken clouds
253,Anloga,GH,5.7947,0.8973,82.62,82,29,7.61,scattered clouds
254,Rantepao,ID,-2.9701,119.8978,68.11,94,100,2.13,overcast clouds
255,Vestmanna,FO,62.1564,-7.1664,32.92,80,75,29.93,snow
256,San Quintin,MX,30.4833,-115.95,68.05,27,3,8.52,clear sky
257,Krasnouralsk,RU,58.3638,60.0407,-1.48,99,98,2.8,overcast clouds
258,Andreapol,RU,56.6513,32.2664,22.46,97,100,5.84,overcast clouds
259,Fukue,JP,32.6881,128.8419,48.45,59,38,15.01,scattered clouds
260,Chute-Aux-Outardes,CA,49.1168,-68.399,25.11,86,100,12.66,light snow
261,Goderich,CA,43.7501,-81.7165,27.91,74,96,10.36,overcast clouds
262,Sol-Iletsk,RU,51.1631,54.9918,1.65,100,100,3.83,overcast clouds
263,Morgan City,US,29.6994,-91.2068,61.0,29,0,0.0,clear sky
264,Wewak,PG,-3.5534,143.6268,81.54,79,73,2.37,very heavy rain
265,Tungor,RU,53.3808,142.9564,15.13,93,100,19.33,light snow
266,Sorland,NO,67.667,12.6934,38.75,62,100,34.67,overcast clouds
267,Alibag,IN,18.6411,72.8792,71.67,76,62,7.23,broken clouds
268,Ukiah,US,39.1502,-123.2078,81.37,29,0,1.01,clear sky
269,Trincomalee,LK,8.5711,81.2335,79.11,67,100,12.95,overcast clouds
270,Basco,PH,20.4487,121.9702,73.67,83,100,23.51,overcast clouds
271,Poplar Bluff,US,36.757,-90.3929,53.19,50,0,8.05,clear sky
272,Vodnyy,RU,63.5046,53.4095,6.21,94,91,7.81,overcast clouds
273,Oranjemund,NA,-28.55,16.4333,64.76,90,8,5.57,clear sky
274,Aklavik,CA,68.2191,-135.0107,-31.97,67,20,3.44,few clouds
275,Victoria,HK,22.2855,114.1577,61.32,83,100,10.0,overcast clouds
276,Chapais,CA,49.7834,-74.8492,19.18,97,100,4.56,overcast clouds
277,Dunbar,US,38.3606,-81.7374,47.57,46,0,3.44,clear sky
278,Praia,CV,14.9215,-23.5087,70.34,78,0,12.66,clear sky
279,Bagotville,AU,-28.9833,153.4167,73.63,78,2,4.36,clear sky
280,Bilibino,RU,68.0546,166.4372,-25.15,75,16,1.59,few clouds
281,Zalantun,CN,48.0,122.7167,5.54,89,95,5.12,overcast clouds
282,San Francisco,US,37.7749,-122.4194,75.43,43,0,7.0,clear sky
283,Contamana,PE,-7.3333,-75.0167,77.14,87,68,1.07,broken clouds
284,Najran,SA,17.4924,44.1277,54.25,37,1,2.39,clear sky
285,Bay Roberts,CA,47.5999,-53.2648,30.33,78,100,3.0,overcast clouds
286,Padang,ID,-0.9492,100.3543,76.42,78,99,5.3,overcast clouds
287,Jumla,NP,29.2747,82.1838,27.14,91,83,5.55,broken clouds
288,Shingu,JP,33.7333,135.9833,39.85,80,100,4.83,overcast clouds
289,Sinnamary,GF,5.3833,-52.95,77.29,84,72,7.52,broken clouds
290,Maba,CN,24.6841,113.5984,43.43,93,98,2.75,overcast clouds
291,Pontalina,BR,-17.525,-49.4472,69.69,93,83,2.68,heavy intensity rain
292,Xining,CN,36.6167,101.7667,8.26,92,94,2.71,overcast clouds
293,Port-Gentil,GA,-0.7193,8.7815,80.64,80,57,8.77,broken clouds
294,Sokoto,NG,13.0609,5.239,72.95,13,43,10.47,scattered clouds
295,Moctezuma,MX,29.8,-109.6667,70.9,13,1,3.96,clear sky
296,Front Royal,US,38.9182,-78.1944,47.39,33,0,6.91,clear sky
297,Atar,MR,20.5169,-13.0499,74.25,10,79,9.66,broken clouds
298,Manzanillo,CU,20.3433,-77.1167,77.88,70,73,5.99,broken clouds
299,Khatanga,RU,71.9667,102.5,4.68,85,100,15.86,overcast clouds
300,Kalemie,CD,-5.9475,29.1947,69.6,87,90,5.01,light rain
301,Ngunguru,NZ,-35.6167,174.5,75.16,93,69,9.95,broken clouds
302,Riyadh,SA,24.6877,46.7219,51.94,35,0,2.93,clear sky
303,Westport,US,41.1415,-73.3579,38.75,65,100,17.27,overcast clouds
304,North Bend,US,43.4065,-124.2243,62.24,88,0,8.05,haze
305,Ilinskiy,RU,55.619,38.1182,31.71,80,75,6.71,broken clouds
306,Puerto Quijarro,BO,-17.7833,-57.7667,77.45,67,100,1.54,overcast clouds
307,Wajid,SO,3.8093,43.2471,76.32,24,94,14.27,overcast clouds
308,Sistranda,NO,63.7256,8.834,36.9,77,100,37.63,light snow
309,Torit,SS,4.4133,32.5678,79.21,30,23,3.13,few clouds
310,Fare,PF,-16.7,-151.0167,81.84,75,68,19.26,broken clouds
311,Qui Nhon,VN,13.7667,109.2333,72.82,91,42,6.82,scattered clouds
312,Omsukchan,RU,62.5333,155.8,-20.81,72,83,2.64,broken clouds
313,Drexel Heights,US,32.1412,-111.0284,73.62,12,0,8.05,clear sky
314,Khoy,IR,38.5504,44.9535,27.45,73,32,5.48,scattered clouds
315,Brigantine,US,39.4101,-74.3646,40.03,65,0,14.97,clear sky
316,Saint-Francois,FR,46.4154,3.9054,34.68,93,0,0.0,clear sky
317,Fethiye,TR,36.6217,29.1164,44.47,80,100,2.66,overcast clouds
318,Srivardhan,IN,18.0333,73.0167,66.49,84,19,6.35,few clouds
319,Malakal,SS,9.5334,31.6605,76.91,21,50,5.21,scattered clouds
320,Panama City,PA,8.9936,-79.5197,89.17,55,20,14.97,few clouds
321,Wabana,CA,47.6332,-52.9481,29.37,84,100,17.27,overcast clouds
322,Isangel,VU,-19.55,169.2667,82.51,94,75,4.61,moderate rain
323,Honiara,SB,-9.4333,159.95,78.48,92,100,6.29,overcast clouds
324,Veraval,IN,20.9,70.3667,66.22,83,2,10.74,clear sky
325,Jaru,BR,-10.4389,-62.4664,75.07,94,98,0.36,overcast clouds
326,Lata,PT,40.1629,-8.3327,55.72,67,0,4.63,clear sky
327,Raudeberg,NO,61.9875,5.1352,39.87,94,100,8.99,overcast clouds
328,Dunedin,NZ,-45.8742,170.5036,58.8,87,100,4.0,light rain
329,Ponta Delgada,PT,37.7333,-25.6667,57.51,76,20,8.05,few clouds
330,Yulara,AU,-25.2406,130.9889,76.84,73,100,10.36,overcast clouds
331,Mount Gambier,AU,-37.8333,140.7667,66.11,72,75,10.36,broken clouds
332,Dubreka,GN,9.7911,-13.5233,82.47,86,89,4.36,overcast clouds
333,Kurri Kurri,AU,-32.8167,151.4833,74.41,75,2,4.99,clear sky
334,Sangmelima,CM,2.9333,11.9833,65.66,57,26,2.35,scattered clouds
335,Puerto Narino,CO,-3.7703,-70.3831,80.55,96,99,1.28,heavy intensity rain
336,Borisoglebskiy,RU,57.2586,39.1508,31.64,94,100,8.1,overcast clouds
337,Florence,IT,43.7667,11.25,45.75,70,0,3.44,clear sky
338,Umba,RU,66.6871,34.3429,17.74,96,100,8.14,overcast clouds
339,Turukhansk,RU,65.8167,87.9833,-17.61,92,100,5.37,overcast clouds
340,Jadu,LY,31.953,12.0261,46.49,69,85,7.38,overcast clouds
341,Pandan,PH,14.0453,124.1694,77.41,80,94,11.65,overcast clouds
342,Siguiri,GN,11.6667,-9.5,76.1,13,86,1.28,overcast clouds
343,Camacha,PT,33.0833,-16.3333,63.36,77,20,9.22,few clouds
344,Port Macquarie,AU,-31.4333,152.9167,67.96,72,6,4.97,clear sky
345,Kearney,US,40.6995,-99.0815,57.76,18,0,25.32,clear sky
346,Gat,IL,31.61,34.7642,55.4,48,53,7.14,broken clouds
347,Atlantic City,US,39.3643,-74.4229,40.01,61,0,14.97,clear sky
348,Formosa,AR,-26.1775,-58.1781,87.78,29,0,5.75,clear sky
349,Saryg-Sep,RU,51.5,95.6,-8.99,98,100,2.13,overcast clouds
350,Arroyo,ES,41.6096,-4.7969,42.6,73,0,0.0,clear sky
351,Tsogni,GA,-2.7942,10.0988,76.41,92,96,4.07,overcast clouds
352,Aden,YE,12.7794,45.0367,76.66,71,28,16.11,scattered clouds
353,Howard Springs,AU,-12.497,131.047,80.87,97,90,4.38,overcast clouds
354,Aksu,CN,41.1231,80.2644,27.93,56,100,2.19,overcast clouds
355,Bambous Virieux,MU,-20.3428,57.7575,75.45,88,75,4.61,broken clouds
356,Upernavik,GL,72.7868,-56.1549,-17.14,92,100,6.46,overcast clouds
357,Pimenta Bueno,BR,-11.6725,-61.1936,74.59,96,90,3.22,overcast clouds
358,Puerto Del Rosario,ES,28.5004,-13.8627,71.35,53,0,6.91,clear sky
359,Morden,CA,49.1919,-98.1014,38.86,75,100,18.41,overcast clouds
360,Walvis Bay,NA,-22.9575,14.5053,70.75,83,37,2.3,scattered clouds
361,Abu Samrah,SY,35.3029,37.1841,48.96,81,68,5.19,broken clouds
362,Boende,CD,-0.2167,20.8667,76.77,36,86,0.45,overcast clouds
363,Bima,ID,-8.4667,118.7167,77.61,91,96,0.65,overcast clouds
364,Staryy Nadym,RU,65.6118,72.6842,-5.87,91,98,13.6,overcast clouds
365,Abu Dhabi,AE,24.4667,54.3667,65.97,60,0,8.05,clear sky
366,Sherghati,IN,24.5667,84.7833,53.22,62,0,2.46,clear sky
367,Mitu,CO,1.1983,-70.1733,72.27,97,100,1.63,heavy intensity rain
368,Poopo,BO,-18.3667,-66.9667,56.17,68,74,7.87,broken clouds
369,Bemidji,US,47.4736,-94.8803,35.91,95,100,12.66,overcast clouds
370,Kavieng,PG,-2.5744,150.7967,82.69,78,100,9.28,light rain
371,Half Moon Bay,US,37.4636,-122.4286,76.5,47,0,10.36,clear sky
372,Lukovetskiy,RU,64.2956,41.9211,17.58,95,97,7.0,snow
373,Mehamn,NO,71.0357,27.8492,24.71,89,88,14.94,overcast clouds
374,Sayyan,YE,15.1718,44.3244,48.45,37,25,3.44,scattered clouds
375,Mazagao,BR,-0.115,-51.2894,84.25,92,19,3.71,few clouds
376,Abha,SA,18.2164,42.5053,51.62,87,0,0.0,clear sky
377,Ribeira Grande,PT,38.5167,-28.7,60.35,70,93,5.95,overcast clouds
378,Porto Belo,BR,-27.1578,-48.5531,76.95,69,10,9.28,clear sky
379,Neuquen,AR,-38.9516,-68.0591,93.09,17,0,5.75,clear sky
380,Lugovoy,KZ,42.9472,72.7644,32.32,99,100,3.2,light snow
381,Kurumkan,RU,54.3,110.3,-2.61,91,92,3.8,overcast clouds
382,Dwarka,IN,22.2394,68.9678,69.26,79,1,10.25,clear sky
383,Siavonga,ZM,-16.5382,28.7088,72.54,88,33,5.19,scattered clouds
384,Le Port,RE,-20.9373,55.2919,76.96,81,79,6.96,broken clouds
385,Baruun-Urt,MN,46.6806,113.2792,-2.27,95,24,1.32,few clouds
386,Barcelona,ES,41.3888,2.159,54.61,87,40,4.61,scattered clouds
387,Paamiut,GL,61.994,-49.6678,-0.8,80,100,12.19,overcast clouds
388,Aviles,ES,43.5547,-5.9248,50.74,93,0,1.14,clear sky
389,Bongaree,AU,-27.0797,153.1586,80.22,67,26,9.28,scattered clouds
390,Brownsville,US,25.9018,-97.4975,66.31,39,0,11.5,clear sky
391,Roald,NO,62.5833,6.1333,41.14,70,40,28.77,scattered clouds
392,Gurupi,BR,-11.7292,-49.0686,75.67,89,100,1.21,heavy intensity rain
393,Manassas Park,US,38.784,-77.4697,47.55,34,0,5.75,clear sky
394,Laguna,US,38.421,-121.4238,75.24,44,0,3.44,clear sky
395,Zhangye,CN,38.9342,100.4517,15.06,59,0,4.38,clear sky
396,Garowe,SO,8.4054,48.4845,65.01,79,43,12.77,scattered clouds
397,Fort-Shevchenko,KZ,44.5086,50.263,36.01,65,58,18.61,broken clouds
398,Leningradskiy,RU,69.3833,178.4167,-26.57,82,14,3.85,few clouds
399,Husavik,IS,66.0449,-17.3389,28.31,95,100,23.11,snow
400,Lebu,CL,-37.6167,-73.65,61.5,82,16,17.78,few clouds
401,Ternate,ID,0.8,127.4,79.59,82,100,4.88,overcast clouds
402,Agirish,RU,61.9247,63.0231,1.42,98,94,6.2,overcast clouds
403,Saurimo,AO,-9.6608,20.3916,64.33,88,100,2.64,overcast clouds
404,Salym,RU,60.0625,71.4789,-3.24,99,49,5.21,scattered clouds
405,Metro,ID,-5.1131,105.3067,74.52,94,100,2.71,overcast clouds
406,Marsa Matruh,EG,31.3525,27.2453,55.6,67,40,18.41,scattered clouds
407,Severodvinsk,RU,64.5635,39.8302,17.71,94,98,9.4,overcast clouds
408,Toppenish,US,46.3774,-120.3087,51.85,64,99,1.12,overcast clouds
409,Tocache,PE,-8.1842,-76.5125,74.8,95,83,1.43,broken clouds
410,Kohlu,PK,29.8962,69.252,44.67,70,0,2.95,clear sky
411,Marsh Harbour,BS,26.5412,-77.0636,74.17,75,11,4.7,few clouds
412,Ust-Nera,RU,64.5667,143.2,-30.6,93,30,3.67,scattered clouds
413,Ballina,AU,-28.8667,153.5667,73.78,72,8,6.91,clear sky
414,Ibra,OM,22.6906,58.5334,60.64,51,0,3.67,clear sky
415,Thaba-Tseka,LS,-29.522,28.6084,54.3,56,4,0.47,clear sky
416,Partizanskoye,RU,55.5006,94.39,-14.08,100,100,1.86,overcast clouds
417,San Cristobal,VE,7.7669,-72.225,77.18,81,84,2.75,broken clouds
418,Usinsk,RU,65.9939,57.5281,6.37,84,23,16.53,few clouds
419,Kano,NG,12.0001,8.5167,67.89,40,86,4.61,overcast clouds
420,Pitimbu,BR,-7.4706,-34.8086,81.19,75,7,13.38,clear sky
421,Ulladulla,AU,-35.35,150.4667,75.67,49,0,0.96,clear sky
422,Airai,TL,-8.9266,125.4092,63.97,91,100,0.74,overcast clouds
423,Palmar,CR,9.8728,-84.4553,81.52,59,28,2.06,scattered clouds
424,Longyearbyen,SJ,78.2186,15.6401,17.44,62,75,9.22,broken clouds
425,Hovd,MN,48.0056,91.6419,-12.98,79,21,2.64,few clouds
426,Rupert,US,42.6191,-113.6772,35.55,55,0,0.0,clear sky
427,Vardo,NO,70.3705,31.1107,26.8,79,57,16.98,broken clouds
428,Batagay,RU,67.6333,134.6333,-45.4,98,89,3.02,overcast clouds
429,Gasa,PS,31.5,34.4667,52.92,55,47,9.84,scattered clouds
430,Greenwood,US,34.1668,-82.1165,54.84,44,0,4.61,clear sky
431,Ozark,US,37.0209,-93.206,61.21,63,0,12.71,clear sky
432,Pochutla,MX,15.7432,-96.4661,81.45,59,48,5.75,scattered clouds
433,Byron Bay,AU,-28.65,153.6167,76.87,66,12,4.38,few clouds
434,Talnakh,RU,69.4865,88.3972,-0.8,96,100,11.63,overcast clouds
435,Nanortalik,GL,60.1432,-45.2371,10.22,64,5,22.55,clear sky
436,Narsaq,GL,60.9167,-46.05,-10.82,78,16,6.4,few clouds
437,Ayr,GB,55.4627,-4.6339,46.38,81,75,14.97,broken clouds
438,Chicama,PE,-7.8447,-79.1469,68.54,60,64,9.33,broken clouds
439,Auch,FR,43.65,0.5833,45.34,82,25,3.0,scattered clouds
440,Grimshaw,CA,56.1834,-117.6027,40.62,56,40,24.16,scattered clouds
441,Kamenka,RU,51.3223,42.7678,32.76,98,100,14.29,snow
442,Dudinka,RU,69.4058,86.1778,-0.38,89,100,21.32,overcast clouds
443,Kamina,CD,-8.7386,24.9906,63.72,98,100,2.84,moderate rain
444,Morros,BR,-9.4467,-46.3003,79.56,69,99,2.84,overcast clouds
445,Atmakur,IN,15.8833,78.5833,67.91,76,37,5.14,scattered clouds
446,Luderitz,NA,-26.6481,15.1594,70.97,72,22,9.64,few clouds
447,Bafoulabe,ML,13.8065,-10.8321,79.54,8,1,6.49,clear sky
448,Lasa,IT,46.6166,10.7002,44.06,43,1,4.99,clear sky
449,Ventspils,LV,57.3894,21.5606,39.13,87,0,11.5,clear sky
450,Pampa,US,35.5362,-100.9599,60.84,25,0,23.02,clear sky
451,Beringovskiy,RU,63.05,179.3167,-17.46,88,5,13.0,clear sky
452,Ulaanbaatar,MN,47.9077,106.8832,-16.47,69,0,2.24,clear sky
453,Lima,PE,-12.0432,-77.0282,70.14,73,40,8.05,moderate rain
454,Port Hardy,CA,50.6996,-127.4199,46.76,93,100,14.97,light rain
455,Macon,US,39.8667,-88.9668,47.71,61,0,10.36,clear sky
456,Bengkulu,ID,-3.8004,102.2655,76.51,84,100,5.77,overcast clouds
457,Lavras,BR,-21.2453,-44.9997,67.08,95,100,3.36,overcast clouds
458,Joutseno,FI,61.118,28.5076,28.45,95,100,7.47,snow
459,Varhaug,NO,58.6147,5.6457,44.89,75,100,22.28,overcast clouds
460,Deep River,CA,46.1001,-77.4995,29.95,94,100,3.02,overcast clouds
461,Samarai,PG,-10.6167,150.6667,82.78,73,49,3.91,scattered clouds
462,Nemuro,JP,43.3236,145.575,24.22,65,67,15.79,broken clouds
463,Umea,SE,63.8284,20.2597,22.91,100,0,3.44,clear sky
464,Moerai,PF,-22.4333,-151.3333,79.81,79,98,17.07,light rain
465,Telenesti,MD,47.4997,28.3656,35.08,86,34,4.88,scattered clouds
466,Kutum,SD,14.2,24.6667,56.41,17,1,6.93,clear sky
467,Kawalu,ID,-7.3817,108.2082,73.13,93,99,2.26,overcast clouds
468,Novoagansk,RU,61.9449,76.6625,-13.45,99,7,6.13,clear sky
469,Belem De Sao Francisco,BR,-8.7539,-38.9658,91.09,26,62,18.37,broken clouds
470,Kholmogory,RU,64.2229,41.656,17.71,95,96,6.91,snow
471,Riverton,US,40.5219,-111.9391,50.11,40,0,5.75,clear sky
472,Boulogne-Sur-Mer,FR,50.75,1.8333,48.04,95,100,14.88,overcast clouds
473,Havre-Saint-Pierre,CA,50.2334,-63.5986,25.39,93,100,20.71,overcast clouds
474,Ilulissat,GL,69.2167,-51.1,-7.58,64,35,26.46,scattered clouds
475,Coquimbo,CL,-29.9533,-71.3436,65.93,77,75,10.36,broken clouds
476,Lubuk Pakam,ID,3.5604,98.8767,77.14,92,100,4.07,overcast clouds
477,Liverpool,GB,53.4106,-2.9779,52.75,86,100,8.99,overcast clouds
478,Wagar,SD,16.1525,36.2032,70.65,67,36,8.66,scattered clouds
479,Tucurui,BR,-3.7661,-49.6725,75.9,94,100,2.71,overcast clouds
480,Tautira,PF,-17.7333,-149.15,86.02,78,74,18.34,light rain
481,San Ramon,US,37.7799,-121.978,74.3,35,0,12.66,clear sky
482,Kuandian,CN,40.7286,124.7847,14.4,82,15,2.84,few clouds
483,Weinan,CN,34.5036,109.5089,28.09,63,100,1.88,overcast clouds
484,La Ronge,CA,55.1001,-105.2842,16.05,67,75,12.66,broken clouds
485,Nanakuli,US,21.3906,-158.1547,80.55,57,40,6.91,scattered clouds
486,Gao,ML,16.6362,1.637,68.59,9,0,11.9,clear sky
487,Astana,KZ,51.1801,71.446,-9.45,77,40,0.0,mist
488,Port Antonio,JM,18.18,-76.4612,82.31,83,20,8.52,few clouds
489,Koltubanovskiy,RU,52.9407,52.0269,23.9,92,100,5.14,overcast clouds
490,Dutlwe,BW,-23.9833,23.9,76.14,38,58,5.61,broken clouds
491,Brae,GB,60.3964,-1.353,40.91,76,97,33.35,overcast clouds
492,Cayenne,GF,4.9333,-52.3333,81.09,84,40,5.75,scattered clouds
493,Berbera,SO,10.4396,45.0143,74.53,72,5,5.37,clear sky
494,Kahului,US,20.8947,-156.47,83.46,57,40,13.8,scattered clouds
495,Sola,VU,-13.8833,167.55,80.78,81,100,30.42,overcast clouds
496,Bontang,ID,0.1333,117.5,75.63,90,100,5.82,overcast clouds
497,Poso,ID,-1.3959,120.7524,76.95,88,100,2.8,overcast clouds
498,Niceville,US,30.5169,-86.4822,61.38,36,0,6.91,clear sky
499,Ahipara,NZ,-35.1667,173.1667,77.77,80,81,9.13,broken clouds
500,Inuvik,CA,68.3499,-133.7218,-31.94,68,20,3.44,few clouds
501,Muroto,JP,33.2833,134.15,35.64,65,99,9.66,overcast clouds
502,Angoche,MZ,-16.2325,39.9086,76.78,90,100,4.83,light rain
503,Kenora,CA,49.8167,-94.4337,35.58,100,100,15.01,overcast clouds
504,Cozumel,MX,20.5083,-86.9458,78.94,83,75,1.01,broken clouds
505,Ayagoz,KZ,47.9714,80.4392,-2.85,99,100,9.06,overcast clouds
506,Nantucket,US,41.2835,-70.0995,41.34,90,100,16.11,overcast clouds
507,Huambo,AO,-12.7761,15.7392,58.5,98,100,4.54,overcast clouds
508,Roma,US,43.2128,-75.4557,31.86,84,100,11.5,overcast clouds
509,Shache,CN,38.4167,77.2406,27.88,50,100,5.57,overcast clouds
510,Kabare,CD,-2.4683,28.8242,61.84,90,79,0.85,broken clouds
511,West Point,US,33.6076,-88.6503,58.93,27,0,6.91,clear sky
512,Mezen,RU,65.8522,44.24,17.04,93,99,10.47,overcast clouds
513,Tshikapa,CD,-6.4167,20.8,71.64,95,100,1.9,overcast clouds
514,Caravelas,BR,-17.7125,-39.2481,78.35,87,98,7.81,overcast clouds
515,Agaro,ET,7.85,36.65,65.98,67,97,1.97,overcast clouds
516,Deputatskiy,RU,69.3,139.9,-37.41,97,52,5.57,broken clouds
517,Flin Flon,CA,54.7682,-101.865,21.04,73,100,14.97,overcast clouds
518,Nabire,ID,-3.3667,135.4833,74.28,92,100,3.29,overcast clouds
519,Rudbar,AF,30.15,62.6,51.06,36,0,5.28,clear sky
520,Monroe,US,43.1501,-77.6831,29.95,72,75,17.27,broken clouds
521,Alice Springs,AU,-23.7,133.8833,74.75,83,81,0.0,broken clouds
522,Richards Bay,ZA,-28.783,32.0377,68.61,93,2,3.76,clear sky
523,Sao Felix Do Xingu,BR,-6.6447,-51.995,73.54,96,68,1.68,light rain
524,Ulcinj,ME,41.9294,19.2244,41.22,63,0,7.05,clear sky
525,Puerto Baquerizo Moreno,EC,-0.9,-89.6,79.79,74,20,9.22,few clouds
526,Kaeo,NZ,-35.1,173.7833,75.33,98,79,9.82,broken clouds
527,Tondano,ID,1.3038,124.9112,68.09,91,100,1.32,moderate rain
528,Nerja,ES,36.7585,-3.8873,59.23,72,35,4.0,scattered clouds
529,Kysyl-Syr,RU,63.8986,122.7617,-44.28,100,93,0.69,overcast clouds
530,Dasoguz,TM,41.8363,59.9666,32.11,100,27,6.91,scattered clouds
531,Balabac,PH,7.9868,117.0645,80.33,81,100,13.18,overcast clouds
532,Hirado,JP,33.3597,129.5531,34.95,63,54,15.52,broken clouds
533,La Romana,DO,18.4273,-68.9728,80.96,74,40,11.5,scattered clouds
534,Ancud,CL,-41.8697,-73.8203,65.73,65,54,6.22,broken clouds
535,Vao,NC,-22.6667,167.4833,80.91,88,67,20.56,broken clouds
536,Peniche,PT,39.3558,-9.3811,58.48,86,0,3.29,clear sky
537,Asau,RO,46.4333,26.4,24.28,88,18,7.31,few clouds
538,Placido De Castro,BR,-10.3353,-67.1856,76.17,84,90,2.46,moderate rain
539,Kampene,CD,-3.6,26.6667,67.19,98,100,2.33,light rain
540,Pravia,ES,43.4906,-6.1508,45.48,93,0,1.14,clear sky
541,Bathsheba,BB,13.2167,-59.5167,77.61,69,40,17.27,scattered clouds
542,Bodden Town,KY,19.2833,-81.25,81.0,71,75,6.91,broken clouds
543,Bandarbeyla,SO,9.4942,50.8122,75.7,67,67,17.94,broken clouds
544,Bairiki,KI,1.3292,172.9752,86.0,74,20,8.05,few clouds
545,Thanatpin,MM,17.2119,96.3033,66.38,47,49,1.01,scattered clouds
546,Jiujiang,CN,29.7333,115.9833,34.88,100,100,3.36,snow
547,Pacific Grove,US,36.6177,-121.9166,77.58,51,0,4.61,clear sky
548,Tyukalinsk,RU,55.8732,72.1967,0.99,99,99,5.5,overcast clouds
549,Constitucion,CL,-35.3333,-72.4167,66.7,73,26,17.45,scattered clouds
550,Cruzilia,BR,-21.8386,-44.8083,63.63,97,93,6.69,overcast clouds
551,Kinel-Cherkassy,RU,53.4706,51.4743,23.56,94,100,6.53,overcast clouds
552,Sarkand,KZ,45.41,79.9186,17.31,78,100,5.79,overcast clouds
553,Dalbandin,PK,28.8947,64.4101,50.99,32,0,4.92,clear sky
554,Kashirskoye,RU,51.4194,39.6125,32.22,99,100,4.05,light snow
555,Raymondville,US,26.4815,-97.7831,70.38,30,0,7.07,clear sky
556,Maceio,BR,-9.6658,-35.7353,80.04,78,0,8.05,clear sky
557,Tadine,NC,-21.55,167.8833,82.26,87,100,20.02,overcast clouds
558,Kokuy,RU,52.2037,117.5529,-13.52,100,100,0.54,overcast clouds
559,Estacion Coahuila,MX,32.1939,-115.0017,79.97,9,5,14.32,clear sky
560,Cascais,PT,38.6979,-9.4215,58.35,61,0,5.01,clear sky
561,Maarianhamina,AX,60.0973,19.9348,31.86,86,0,2.3,clear sky
562,Havelock,US,34.8791,-76.9013,48.18,83,100,1.99,overcast clouds
563,Wanaka,NZ,-44.7,169.15,65.1,76,100,2.33,light rain
564,Borogontsy,RU,62.6683,131.1683,-31.4,100,100,1.32,overcast clouds
565,Kupang,ID,-10.1667,123.5833,80.51,80,99,1.32,overcast clouds
566,Nakhon Ratchasima,TH,15.0,102.1667,82.56,91,14,3.44,few clouds
567,Tiarei,PF,-17.5333,-149.3333,87.82,80,88,19.06,light rain
568,Mahibadhoo,MV,3.7833,72.9667,81.97,68,100,10.83,overcast clouds
569,Egvekinot,RU,66.3167,-179.1667,-13.77,73,0,15.26,clear sky
570,Nizhniy Tsasuchey,RU,50.5167,115.1333,-1.05,93,29,6.49,scattered clouds
571,Baisha,CN,26.5222,110.9311,34.29,94,100,2.08,overcast clouds
572,Zhuanghe,CN,39.7008,122.9911,27.09,68,84,1.99,broken clouds
573,Pak Phanang,TH,8.3511,100.202,78.06,83,25,6.46,scattered clouds
574,Gobabis,NA,-22.45,18.9667,72.21,57,87,14.41,overcast clouds
575,Along,IN,28.1667,94.7667,48.34,88,78,1.36,broken clouds
576,Beloha,MG,-25.1667,45.05,74.93,85,63,12.19,broken clouds
577,Cobija,BO,-11.0267,-68.7692,74.28,89,99,1.57,overcast clouds
578,Jiwani,PK,25.05,61.7417,70.59,58,0,5.08,clear sky
579,Baghdad,IQ,33.3406,44.4009,51.71,54,0,4.61,clear sky
580,Nyurba,RU,63.2842,118.3319,-20.72,100,100,2.48,overcast clouds
581,Mountain Home,US,43.133,-115.6912,40.42,100,0,3.44,clear sky
582,Dongsheng,CN,39.8161,109.9776,15.94,65,1,7.81,clear sky
583,Thinadhoo,MV,0.5333,72.9333,82.89,66,100,14.0,overcast clouds
584,Dayong,CN,25.0209,118.2898,56.88,89,98,1.54,overcast clouds
585,Luzhou,CN,28.8724,105.4405,42.42,89,86,1.77,overcast clouds
586,Te Anau,NZ,-45.4167,167.7167,64.17,71,92,0.96,overcast clouds
587,Bereda,ES,43.2686,-7.5406,46.42,85,2,1.81,clear sky
588,Mnogovershinnyy,RU,53.9353,139.9242,6.01,94,100,6.67,overcast clouds
589,Morris,US,40.8334,-74.5329,35.08,69,75,5.75,broken clouds
590,Aksarka,RU,66.5606,67.7975,-4.65,99,100,12.35,overcast clouds
591,Hjelset,NO,62.7833,7.4833,39.29,75,75,19.57,broken clouds
592,Nexo,DK,55.0607,15.1306,41.09,92,43,21.72,scattered clouds
593,Pandamatenga,BW,-18.5278,25.627,64.76,88,37,4.25,scattered clouds
594,Fuxin,CN,42.0156,121.6589,19.76,68,6,4.27,clear sky
595,Carutapera,BR,-1.195,-46.02,75.83,93,89,4.99,overcast clouds
596,Tucuma,BR,-0.1833,-50.05,76.59,91,99,5.55,light rain
597,Oltu,TR,40.5498,42.0013,26.46,81,90,6.85,overcast clouds
598,Urubicha,BO,-15.3833,-62.95,77.49,56,100,3.49,overcast clouds
599,Ferme-Neuve,CA,46.7001,-75.4493,28.18,98,100,2.26,overcast clouds
600,Oranjestad,AW,12.524,-70.027,82.35,74,40,19.57,scattered clouds
601,Santa Maria,BR,-29.6842,-53.8069,79.9,44,20,4.61,few clouds
602,Walla Walla,US,46.0646,-118.343,59.86,36,0,10.0,clear sky
603,Alyangula,AU,-13.8483,136.4192,76.87,100,100,0.0,overcast clouds
604,Emilio Carranza,MX,19.9711,-96.6114,60.31,73,100,7.16,overcast clouds
605,Anopino,RU,55.6981,40.6671,28.02,96,98,4.74,overcast clouds
606,Harper,LR,4.375,-7.7169,78.93,86,2,8.79,clear sky
607,Tigil,RU,57.8,158.6667,0.27,89,42,2.33,scattered clouds
608,Kungurtug,RU,50.5994,97.5228,-8.16,96,100,1.59,overcast clouds
609,Price,US,39.5994,-110.8107,52.86,19,0,16.11,clear sky
610,Kushima,JP,31.4583,131.2333,41.04,79,99,7.99,overcast clouds
611,Livingstone,ZM,-17.8419,25.8543,65.7,86,40,3.2,scattered clouds
612,Ossora,RU,59.2353,163.0719,7.47,95,100,7.61,light snow
613,Namatanai,PG,-3.6667,152.4333,83.08,72,100,5.55,overcast clouds
614,Redcliffe,AU,-27.2307,153.0973,80.22,64,0,6.91,clear sky
615,Karatu,TZ,-3.3333,35.6667,64.92,72,97,5.17,overcast clouds
616,Voh,NC,-20.9667,164.7,80.71,88,92,13.91,overcast clouds
617,Katangli,RU,51.7102,143.2326,13.39,94,100,14.85,light snow
618,Yumen,CN,40.2833,97.2,17.1,52,32,5.82,scattered clouds
619,Reconquista,AR,-29.15,-59.65,80.04,27,0,7.76,clear sky
620,Kamenetskiy,RU,54.0135,38.2211,25.86,93,100,7.29,overcast clouds
621,Cottonwood,US,34.7392,-112.0099,73.35,10,8,1.99,clear sky
622,Christchurch,NZ,-43.5333,172.6333,67.32,85,75,9.22,heavy intensity rain
623,Liuli,TZ,-11.0833,34.6333,76.21,76,55,2.44,broken clouds
624,Kizukuri,JP,40.8061,140.3861,33.12,51,100,8.93,overcast clouds
625,Kathu,TH,7.9178,98.3332,75.02,80,33,10.65,scattered clouds
626,Shubarkuduk,KZ,49.1447,56.4872,14.31,98,97,4.52,overcast clouds
627,Yinchuan,CN,38.4681,106.2731,14.5,81,29,2.53,scattered clouds
628,Nouakchott,MR,18.0858,-15.9785,73.33,34,2,9.93,clear sky
629,Broken Hill,AU,-31.95,141.4333,74.91,60,55,0.0,broken clouds
630,Tromso,NO,69.6496,18.957,32.02,64,20,21.85,few clouds
631,Kozhva,RU,65.1073,57.0459,6.46,85,29,11.81,scattered clouds
632,Oriximina,BR,-1.7656,-55.8661,75.74,94,98,2.75,overcast clouds
633,Spartanburg,US,34.9496,-81.9321,56.08,35,0,0.0,clear sky
634,Tahoua,NE,14.8888,5.2692,70.99,10,1,11.32,clear sky
635,Grindavik,IS,63.8424,-22.4338,30.67,93,75,10.36,broken clouds
636,Baza,ES,37.4907,-2.7726,44.42,80,0,7.0,clear sky
637,Aleksandrov Gay,RU,50.147,48.5704,21.33,93,100,8.55,overcast clouds
638,Nakusp,CA,50.2499,-117.8023,39.54,81,99,2.3,overcast clouds
639,Seymchan,RU,62.8833,152.4333,-41.13,100,95,0.49,overcast clouds
640,Kerema,PG,-7.9631,145.7785,83.62,68,96,2.37,overcast clouds
641,Maicao,CO,11.3832,-72.2432,82.2,65,35,15.59,scattered clouds
642,Narasannapeta,IN,18.4167,84.05,67.91,82,17,2.82,few clouds
643,Ilhabela,BR,-23.7781,-45.3581,73.81,82,77,5.7,broken clouds
644,Emmett,US,43.8735,-116.4993,47.35,57,17,3.33,few clouds
645,Sauk Rapids,US,45.5919,-94.1661,41.4,69,0,17.27,clear sky
646,Vanavara,RU,60.34,102.2797,-27.17,99,35,3.49,scattered clouds
647,Birnin Kebbi,NG,12.4539,4.1975,75.22,13,70,10.42,broken clouds
648,Bonfim,BR,3.0833,-59.95,87.93,41,87,5.91,overcast clouds
649,Bogorodskoye,RU,56.55,37.8833,29.26,92,98,8.37,overcast clouds
650,Kailua,US,21.4022,-157.7394,80.58,66,75,11.5,broken clouds
651,Bahawalpur,PK,29.4,71.6833,55.81,62,27,4.99,scattered clouds
652,Komsomolskiy,UZ,40.4272,71.7189,36.75,87,40,4.61,mist
653,Novochernorechenskiy,RU,56.2669,91.0828,-12.96,97,39,5.59,scattered clouds
654,Elizabeth City,US,36.2946,-76.2511,47.01,78,0,6.91,clear sky
655,Solnechnyy,RU,50.7214,136.6319,-3.48,97,90,2.98,overcast clouds
656,Matagami,CA,49.7502,-77.6328,21.31,93,100,2.3,overcast clouds
657,Camana,PE,-16.6228,-72.7111,71.67,78,66,6.33,broken clouds
658,Lamu,KE,-2.2717,40.902,79.02,89,3,13.15,clear sky
659,Psebay,RU,44.1234,40.8107,34.83,85,100,4.74,overcast clouds
660,Sawtell,AU,-30.3833,153.1,74.19,74,0,6.91,clear sky
661,Alamosa,US,37.4695,-105.87,40.51,28,0,4.61,clear sky
662,Watrous,CA,51.6668,-105.4679,33.58,80,95,14.97,overcast clouds
663,Hanyang,CN,32.1371,105.5126,31.84,78,86,1.48,overcast clouds
664,Pathein,MM,16.7833,94.7333,62.96,69,80,5.17,broken clouds
665,Mutis,CO,6.2262,-77.4044,78.31,85,65,4.81,light rain
666,Casablanca,MA,33.5928,-7.6192,62.33,77,0,4.0,clear sky
667,Shimoda,JP,34.6667,138.95,40.1,71,97,14.47,overcast clouds
668,Ondjiva,AO,-17.0667,15.7333,71.49,67,94,8.05,overcast clouds
669,San Andres,CO,12.5847,-81.7006,82.42,65,20,8.05,few clouds
670,Birao,CF,10.2849,22.7882,67.93,15,20,5.93,few clouds
671,Yingkou,CN,40.6648,122.2283,21.34,75,8,6.33,clear sky
672,Dingle,PH,10.9995,122.6711,74.8,87,93,10.85,overcast clouds
673,Doha,QA,25.2867,51.5333,60.78,72,0,10.36,clear sky
674,Shirokiy,RU,49.758,129.523,-3.93,100,100,5.64,overcast clouds
675,Morant Bay,JM,17.8815,-76.4093,82.02,82,22,6.76,few clouds
676,Forio,IT,40.7342,13.8646,49.82,53,0,3.0,clear sky
677,Homer,US,59.6425,-151.5483,29.08,78,75,18.41,broken clouds
678,Kudahuvadhoo,MV,2.6708,72.8944,82.29,65,100,11.74,overcast clouds
679,Kenai,US,60.5544,-151.2583,29.03,83,100,26.46,light snow
680,Agadez,NE,19.75,10.25,60.76,12,0,3.6,clear sky
681,Sabang,ID,5.8933,95.3214,81.43,74,98,10.0,overcast clouds
682,Kon Tum,VN,14.35,108.0,63.52,96,73,2.51,broken clouds
683,Anadyr,RU,64.75,177.4833,-30.5,66,20,8.95,fog
684,Douentza,ML,14.9951,-2.9517,71.71,11,0,5.7,clear sky
685,Tukrah,LY,32.5341,20.5791,53.19,54,89,24.25,overcast clouds
686,Aberystwyth,GB,52.4155,-4.0829,50.77,89,100,16.84,overcast clouds
687,Manacapuru,BR,-3.2997,-60.6206,75.78,88,96,2.3,moderate rain
688,Straumen,NO,63.8709,11.2999,37.4,97,100,13.62,light rain
689,Poronaysk,RU,49.2167,143.1167,10.0,84,92,6.64,overcast clouds
690,Jardim,BR,-21.4803,-56.1381,73.69,37,0,5.06,clear sky
691,Toccoa,US,34.5773,-83.3324,56.84,33,0,0.0,clear sky
692,Solano,US,38.2333,-121.9511,75.88,40,0,11.5,clear sky
693,Damuc,RO,46.8,25.9,19.53,97,61,5.46,broken clouds
694,Gazanjyk,TM,39.2446,55.5154,39.96,60,36,12.28,scattered clouds
695,Puerto Carreno,CO,6.189,-67.4859,94.98,43,40,8.05,light rain
696,Hammerfest,NO,70.6634,23.6821,28.85,74,75,9.22,broken clouds
697,Billings,US,45.7833,-108.5007,53.92,20,75,18.01,broken clouds
698,Kidal,ML,18.4411,1.4078,69.24,9,0,8.77,clear sky
699,Sitio Novo Do Tocantins,BR,-5.5183,-47.4611,74.8,92,76,1.25,broken clouds
700,Grimstad,NO,58.3405,8.5934,39.11,79,59,16.6,broken clouds
